{
  "project_info": {
    "project_number": "539986012364",
    "firebase_url": "https://serviceh-958fc.firebaseio.com",
    "project_id": "serviceh-958fc",
    "storage_bucket": "serviceh-958fc.appspot.com"
  },
  "client": [
    {
      "client_info": {
        "mobilesdk_app_id": "1:539986012364:android:c0cb2ad3e2037a5ac63a69",
        "android_client_info": {
          "package_name": "com.example.serviceh"
        }
      },
      "oauth_client": [
        {
          "client_id": "539986012364-c47g07pu8eefbba8qsilc5s6hckhqe9j.apps.googleusercontent.com",
          "client_type": 3
        }
      ],
      "api_key": [
        {
          "current_key": "AIzaSyAIGW2B3MwgF7PSZeNCgXAx1vbur1Q-NtE"
        }
      ],
      "services": {
        "appinvite_service": {
          "other_platform_oauth_client": [
            {
              "client_id": "539986012364-c47g07pu8eefbba8qsilc5s6hckhqe9j.apps.googleusercontent.com",
              "client_type": 3
            }
          ]
        }
      }
    }
  ],
  "configuration_version": "1"
}